<?xml version="1.0" encoding="UTF-8" ?>
<pageDefinition xmlns="http://xmlns.oracle.com/adfm/uimodel" version="11.1.2.64.36" id="NewReleasePagePageDef"
                Package="NewRelease">
  <parameters/>
  <executables>
    <variableIterator id="variables"/>
    <methodIterator Binds="allNewReleases.result" DataControl="NewReleaseDCClass" RangeSize="25"
                    BeanClass="newReleasePack.NewReleases" id="allNewReleasesIterator" ChangeEventPolicy="ppr"/>
  </executables>
  <bindings>
    <methodAction id="allNewReleases" RequiresUpdateModel="true" Action="invokeMethod" MethodName="allNewReleases"
                  IsViewObjectMethod="false" DataControl="NewReleaseDCClass"
                  InstanceName="data.NewReleaseDCClass.dataProvider"
                  ReturnName="data.NewReleaseDCClass.methodResults.allNewReleases_NewReleaseDCClass_dataProvider_allNewReleases_result"/>
    <attributeValues IterBinding="allNewReleasesIterator" id="ASIN">
      <AttrNames>
        <Item Value="ASIN"/>
      </AttrNames>
    </attributeValues>
    <attributeValues IterBinding="allNewReleasesIterator" id="title">
      <AttrNames>
        <Item Value="title"/>
      </AttrNames>
    </attributeValues>
    <action IterBinding="allNewReleasesIterator" id="Next" RequiresUpdateModel="true" Action="next"/>
    <action IterBinding="allNewReleasesIterator" id="Previous" RequiresUpdateModel="true" Action="previous"/>
    <tree IterBinding="allNewReleasesIterator" id="NewReleases">
      <nodeDefinition DefName="newReleasePack.NewReleases" Name="NewReleases0">
        <AttrNames>
          <Item Value="ASIN"/>
          <Item Value="title"/>
        </AttrNames>
      </nodeDefinition>
    </tree>
  </bindings>
</pageDefinition>
