<?xml version="1.0" encoding="UTF-8"?>
<!-- This is the customization file for the schema employee.xsd-->
<jaxb:bindings xmlns:jaxb="http://java.sun.com/xml/ns/jaxb" version="2.0" 
schemaLocation="http://localhost:7101/CustomizationSample-Project1-context-root/resources/application.wadl/xsd0.xsd" 
xmlns:xsd="http://www.w3.org/2001/XMLSchema" 
xmlns="http://www.example.org">
   <!-- This tells JAXB that the classes generated by it must be placed 
                        in the package with name myCustomizedPack-->
    <jaxb:schemaBindings>
        <jaxb:package name="myCustomizedPack"/>
    </jaxb:schemaBindings>
    
   <!-- This tells JAXB that the class for 'employeeList' complexType 
                           must be generated with name AllEmps-->    
    
    <jaxb:bindings node="xsd:complexType[@name='employeeList']">
        <jaxb:class name="AllEmps" />
    </jaxb:bindings>
 
    <!-- This tells JAXB that the element with name 'name' must be 
                        replaced with empName in JAXB class-->    
   
    <jaxb:bindings node="//xsd:element[@name='name']">
        <jaxb:property name="empName" />
    </jaxb:bindings>
</jaxb:bindings>