<?xml version = '1.0' encoding = 'UTF-8'?>
<References xmlns="http://xmlns.oracle.com/adf/jndi">
   <Reference name="conn" className="oracle.adf.model.connection.url.HttpURLConnection" xmlns="">
      <Factory className="oracle.adf.model.connection.url.URLConnectionFactory"/>
      <RefAddresses>
         <XmlRefAddr addrType="conn">
            <Contents>
               <urlconnection name="conn" url="http://webservices.amazon.com/onca/xml"/>
            </Contents>
         </XmlRefAddr>
      </RefAddresses>
   </Reference>
</References>