<?xml version = '1.0' encoding = 'windows-1252'?>
<weblogic-web-app xmlns:xsi="http://www.w3.org/2001/XMLSchema-instance" xsi:schemaLocation="http://xmlns.oracle.com/weblogic/weblogic-web-app http://xmlns.oracle.com/weblogic/weblogic-web-app/1.1/weblogic-web-app.xsd" xmlns="http://xmlns.oracle.com/weblogic/weblogic-web-app">
    <library-ref>
        <library-name>jsr311-api</library-name>
    </library-ref>
    <library-ref>
        <library-name>jersey-bundle</library-name>
    </library-ref>
</weblogic-web-app>
